,Name,Cloudiness,Country,Date,Humidity,Lat,Lng,Max Temp,Wind Speed
0,Rikitea,0,PF,1589313192,66,-23.12,-134.97,74.14,2.64
1,Sehithwa,0,BW,1589313192,30,-20.47,22.72,64.38,4.72
2,Lata,40,PT,1589313192,89,40.16,-8.33,63.0,3.0
3,Acapulco de Juárez,20,MX,1589313193,62,16.86,-99.89,87.8,8.05
4,Sawtell,84,AU,1589313193,93,-30.38,153.1,50.0,6.93
5,Ushuaia,40,AR,1589313193,80,-54.8,-68.3,41.0,32.21
6,General Roca,0,AR,1589313194,31,-39.03,-67.58,60.8,13.87
7,Chokurdakh,69,RU,1589313194,99,70.63,147.92,31.46,7.29
8,Mizhou,0,CN,1589313195,41,35.99,119.4,54.19,7.4
9,Santa Marta,75,CO,1589313195,63,11.24,-74.2,93.2,8.05
10,Cidreira,100,BR,1589313195,97,-30.18,-50.21,66.33,6.8
11,Walvis Bay,16,NA,1589313195,77,-22.96,14.51,60.8,6.93
12,Koregaon,78,IN,1589313196,40,18.65,74.08,79.39,7.07
13,Half Moon Bay,75,US,1589312900,63,37.46,-122.43,66.99,17.22
14,Lacey,90,US,1589312992,77,47.03,-122.82,60.8,9.17
15,Bredasdorp,65,ZA,1589313196,87,-34.53,20.04,57.2,3.36
16,Kudat,75,MY,1589313197,94,6.88,116.85,77.0,2.24
17,Logan,1,US,1589313062,24,41.74,-111.83,71.6,4.7
18,George Town,40,MY,1589312978,94,5.41,100.34,78.8,10.02
19,Bengkulu,100,ID,1589313197,80,-3.8,102.27,78.17,3.29
20,Mumford,0,GH,1589313198,82,5.26,-0.76,81.3,9.86
21,Punta Arenas,75,CL,1589313198,56,-53.15,-70.92,44.6,13.87
22,Cairns,40,AU,1589313171,83,-16.92,145.77,71.6,10.29
23,Gambēla,100,ET,1589313198,69,8.25,34.58,78.73,2.73
24,Atuona,43,PF,1589313199,71,-9.8,-139.03,79.88,16.96
25,Caravelas,5,BR,1589313199,74,-17.71,-39.25,75.38,4.85
26,Saint-Philippe,90,RE,1589313199,68,-21.36,55.77,69.8,3.36
27,Cape Town,40,ZA,1589313001,82,-33.93,18.42,61.0,11.41
28,Sos'va,20,RU,1589313199,84,59.18,61.86,59.63,5.64
29,Burnie,0,AU,1589313200,84,-41.07,145.92,45.0,8.01
30,Torbay,90,CA,1589313200,100,47.67,-52.73,43.0,14.99
31,Marzuq,7,YE,1589313200,31,14.4,46.47,83.21,4.81
32,San Patricio,20,MX,1589313201,74,19.22,-104.7,86.0,6.93
33,Khalkhāl,0,IR,1589313201,69,37.62,48.53,43.52,1.74
34,Kapaa,75,US,1589313201,69,22.08,-159.32,78.8,12.75
35,Khatanga,1,RU,1589313201,95,71.97,102.5,11.95,6.93
36,Castro,86,BR,1589313201,71,-24.79,-50.01,67.66,5.64
37,Richards Bay,47,ZA,1589313202,87,-28.78,32.04,66.78,4.43
38,Hermanus,36,ZA,1589313202,90,-34.42,19.23,57.0,9.06
39,Yellowknife,75,CA,1589313202,79,62.46,-114.35,48.2,16.11
40,Yarmouth,75,US,1589313126,33,41.71,-70.23,57.2,13.87
41,Albany,80,US,1589313203,24,42.6,-73.97,53.01,1.99
42,Olafsvik,82,IS,1589313203,77,64.89,-23.71,40.15,12.5
43,Chui,26,UY,1589313203,69,-33.7,-53.46,60.51,7.23
44,Saskylakh,100,RU,1589313203,97,71.92,114.08,24.28,15.37
45,Port Alfred,100,ZA,1589313204,91,-33.59,26.89,64.99,5.01
46,Sørland,40,NO,1589313204,80,67.67,12.69,33.8,17.22
47,New Norfolk,22,AU,1589313204,77,-42.78,147.06,48.0,4.0
48,Jos,18,NG,1589313204,52,9.92,8.9,75.78,5.01
49,East London,100,ZA,1589313205,83,-33.02,27.91,68.22,7.14
50,Lakhīmpur,50,IN,1589313205,39,27.95,80.77,82.67,4.63
51,Iqaluit,90,CA,1589313205,79,63.75,-68.51,28.4,29.97
52,Butaritari,41,KI,1589313206,79,3.07,172.79,83.46,16.28
53,Hobart,0,AU,1589313123,57,-42.88,147.33,48.2,13.87
54,Esim,0,GH,1589313206,83,4.87,-2.24,80.2,6.38
55,Bluff,7,NZ,1589313206,90,-46.6,168.33,42.89,8.05
56,Saint-Augustin,100,CA,1589313206,71,51.23,-58.65,41.63,16.24
57,Tullamore,21,IE,1589313207,73,53.27,-7.49,50.0,6.11
58,Busselton,28,AU,1589313207,58,-33.65,115.33,55.0,8.03
59,Nikolskoye,20,RU,1589313207,45,59.7,30.79,44.6,13.42
60,Pinhão,100,BR,1589313208,94,-25.7,-51.66,61.29,2.37
61,Hilo,90,US,1589313208,78,19.73,-155.09,78.01,4.7
62,Saint-Ambroise,75,CA,1589313208,30,48.55,-71.33,43.0,20.8
63,Pisco,8,PE,1589313208,57,-13.7,-76.22,75.2,17.22
64,Auki,99,SB,1589313209,80,-8.77,160.7,77.52,5.21
65,Egvekinot,97,RU,1589313209,100,66.32,-179.17,33.4,7.45
66,Longyearbyen,90,SJ,1589313209,79,78.22,15.64,23.0,18.34
67,Kuliyapitiya,100,LK,1589313209,93,7.47,80.04,74.91,4.25
68,Faanui,49,PF,1589313210,72,-16.48,-151.75,81.77,11.21
69,Makabe,75,JP,1589313210,93,36.27,140.1,61.0,2.24
70,Tasiilaq,1,GL,1589313210,86,65.61,-37.64,34.47,8.79
71,Puerto Ayora,40,EC,1589313210,55,-0.74,-90.35,89.6,20.8
72,Guadalupe y Calvo,0,MX,1589313210,15,26.1,-106.97,74.7,13.11
73,Şebinkarahisar,0,TR,1589313211,64,40.29,38.42,55.54,2.13
74,Marrakesh,40,MA,1589313211,55,31.63,-8.01,66.2,16.11
75,Mar del Plata,100,AR,1589313153,45,-38.0,-57.56,64.99,10.29
76,Lüderitz,99,NA,1589313211,100,-26.65,15.16,55.4,8.05
77,Hualmay,74,PE,1589313212,69,-11.1,-77.61,72.43,10.02
78,Grand Baie,57,MU,1589313212,68,-20.02,57.58,72.0,3.0
79,Shingū,0,JP,1589313212,61,33.73,135.98,57.69,6.89
80,Port Hedland,0,AU,1589312979,32,-20.32,118.57,69.8,10.29
81,Irtyshskiy,1,RU,1589313213,63,58.33,68.13,66.29,5.46
82,Vaini,20,TO,1589313213,100,-21.2,-175.2,66.2,3.6
83,Kamloops,20,CA,1589313213,22,50.67,-120.32,68.0,5.82
84,Bambous Virieux,40,MU,1589313213,57,-20.34,57.76,75.2,12.75
85,Port Elizabeth,100,ZA,1589313214,82,-33.92,25.57,62.6,17.22
86,Mezen',100,RU,1589313214,98,65.85,44.24,32.41,10.33
87,Talnakh,97,RU,1589313215,79,69.49,88.4,28.4,6.71
88,Ipixuna,40,BR,1589313215,59,-1.76,-48.8,89.6,6.93
89,Otane,19,NZ,1589313215,94,-39.88,176.63,42.01,0.81
90,Mahébourg,40,MU,1589313215,57,-20.41,57.7,75.2,12.75
91,Zhangye,100,CN,1589313215,29,38.93,100.45,59.99,1.74
92,Huilong,94,CN,1589313216,69,31.81,121.66,68.0,8.46
93,Biskamzha,0,RU,1589313216,70,53.45,89.53,51.03,2.15
94,Ilulissat,40,GL,1589313064,49,69.22,-51.1,48.2,5.82
95,Mataura,73,NZ,1589313217,92,-46.19,168.86,38.46,1.77
96,Beringovskiy,100,RU,1589313217,98,63.05,179.32,32.36,7.4
97,Codrington,51,AU,1589313217,74,-38.27,141.97,48.97,7.85
98,Cardston,75,CA,1589313217,42,49.2,-113.3,48.99,6.93
99,Goya,95,AR,1589313218,74,-29.14,-59.26,69.49,7.76
100,Tuktoyaktuk,20,CA,1589313218,79,69.45,-133.04,19.4,21.92
101,Berdigestyakh,80,RU,1589313218,97,62.1,126.7,26.98,1.86
102,Assiut,99,EG,1589313219,28,27.18,31.18,82.4,4.7
103,Hambantota,100,LK,1589313219,81,6.12,81.12,79.57,6.67
104,Paamiut,100,GL,1589313219,93,61.99,-49.67,39.61,3.6
105,Alofi,10,NU,1589313219,100,-19.06,-169.92,73.4,1.12
106,Cayenne,75,GF,1589313220,74,4.93,-52.33,84.2,14.99
107,Tigil',100,RU,1589313220,97,57.8,158.67,31.84,3.2
108,Morón,0,AR,1589313034,40,-34.65,-58.62,69.01,4.18
109,Dukat,71,RU,1589313220,97,62.55,155.55,23.9,5.59
110,Saint George,1,US,1589312958,13,37.1,-113.58,82.99,19.46
111,Salinas,90,US,1589313221,52,36.68,-121.66,64.4,12.75
112,Avarua,0,CK,1589313221,94,-21.21,-159.78,80.6,3.36
113,Kruisfontein,100,ZA,1589313221,88,-34.0,24.73,59.94,11.92
114,Alugan,100,PH,1589313222,84,12.22,125.48,79.93,3.98
115,Fairbanks,75,US,1589313161,87,64.84,-147.72,53.6,4.63
116,Garissa,8,KE,1589313222,72,-0.45,39.64,80.2,15.52
117,Brae,36,GB,1589313222,93,60.4,-1.35,35.6,13.87
118,Tiksi,89,RU,1589313222,99,71.69,128.87,26.83,4.14
119,Galle,100,LK,1589313223,78,6.04,80.22,81.25,2.57
120,Ulladulla,28,AU,1589313223,66,-35.35,150.47,50.0,5.82
121,Ancud,90,CL,1589313223,87,-41.87,-73.82,53.6,6.93
122,Mujiayingzi,0,CN,1589313223,40,42.12,118.78,51.21,8.05
123,Korgen,40,NO,1589313224,69,66.08,13.82,35.6,4.7
124,Jiuquan,100,CN,1589313224,31,39.74,98.52,60.55,15.97
125,Pevek,99,RU,1589313224,92,69.7,170.31,32.83,3.13
126,Wanlaweyn,81,SO,1589313224,82,2.62,44.89,79.36,15.05
127,Voh,39,NC,1589313225,74,-20.97,164.7,66.06,3.87
128,Hofn,100,IS,1589313225,81,64.25,-15.21,40.66,11.86
129,Robertsport,88,LR,1589313225,81,6.75,-11.37,81.3,10.58
130,Seoni Mālwa,6,IN,1589313225,23,22.45,77.47,86.7,2.53
131,Lebu,0,CL,1589313226,72,-37.62,-73.65,56.19,13.42
132,Avera,1,US,1589313226,28,33.19,-82.53,71.6,4.7
133,Curup,100,ID,1589313226,90,-3.47,102.53,69.35,0.94
134,Tual,77,ID,1589313227,80,-5.67,132.75,83.17,8.95
135,Sompeta,0,IN,1589313227,67,18.93,84.6,80.74,9.51
136,Itaguaí,30,BR,1589313227,37,-22.85,-43.78,86.0,9.17
137,Vao,4,NC,1589313227,66,-22.67,167.48,71.44,17.31
138,Itacoatiara,40,BR,1589313228,66,-3.14,-58.44,89.6,6.93
139,Kandrian,46,PG,1589313228,88,-6.22,149.55,78.55,9.08
140,Carnarvon,0,AU,1589313228,61,-24.87,113.63,70.41,9.37
141,Tāybād,82,IR,1589313228,59,34.74,60.78,60.1,14.63
142,Lorengau,100,PG,1589313228,84,-2.02,147.27,79.38,4.45
143,Aripuanã,52,BR,1589313229,71,-9.17,-60.63,84.22,2.06
144,Eyl,98,SO,1589313229,78,7.98,49.82,85.42,11.41
145,Arawa,100,PG,1589313229,79,-6.21,155.54,77.81,3.94
146,Saint Paul Harbor,90,US,1589313230,70,57.79,-152.41,48.2,5.82
147,Province of Mantua,52,IT,1589313230,76,45.17,10.78,57.99,7.0
148,Maniitsoq,100,GL,1589313230,94,65.42,-52.9,38.17,9.31
149,Sola,94,VU,1589313230,82,-13.88,167.55,79.92,21.99
150,Bandarbeyla,45,SO,1589313230,83,9.49,50.81,83.64,9.66
151,Tilichiki,100,RU,1589313231,98,60.47,166.1,31.01,4.65
152,Severo-Kuril'sk,4,RU,1589313231,78,50.68,156.12,38.08,3.47
153,Yellandu,46,IN,1589313231,56,17.6,80.33,83.84,6.89
154,Coahuayana Viejo,40,MX,1589313231,35,18.73,-103.68,87.8,11.41
155,Coyhaique,75,CL,1589313232,81,-45.58,-72.07,42.8,8.05
156,Esperance,27,AU,1589313232,93,-33.87,121.9,48.2,9.17
157,Nago,20,JP,1589313232,94,26.59,127.98,69.8,5.82
158,Dikson,0,RU,1589313232,96,73.51,80.55,19.9,7.49
159,Kysyl-Syr,100,RU,1589313232,98,63.9,122.76,27.43,4.16
160,Makkah al Mukarramah,95,SA,1589313127,33,21.43,39.83,87.26,3.2
161,Changji,100,CN,1589313233,33,44.02,87.32,71.6,8.95
162,Itacaré,75,BR,1589313233,100,-14.28,-39.0,75.2,5.82
163,Ashquelon,0,IL,1589313233,60,31.67,34.57,72.0,5.82
164,Clyde River,75,CA,1589313234,85,70.47,-68.59,19.4,19.46
165,Mareeba,40,AU,1589313234,83,-17.0,145.43,71.6,10.29
166,Tsimmerbude,40,RU,1589313234,56,54.67,20.13,44.6,8.95
167,Kismayo,1,SO,1589313235,83,-0.36,42.55,80.71,11.88
168,Airai,68,TL,1589313235,97,-8.93,125.41,56.75,3.38
169,Upernavik,0,GL,1589313235,74,72.79,-56.15,39.0,5.41
170,Arraial do Cabo,0,BR,1589313235,69,-22.97,-42.03,80.6,12.75
171,Narsaq,75,GL,1589313236,30,60.92,-46.05,53.6,23.04
172,Iquitos,75,PE,1589313236,83,-3.75,-73.25,78.8,6.93
173,Grand Forks,20,US,1589313155,29,47.93,-97.03,50.0,3.36
174,Terney,99,RU,1589313236,90,45.05,136.61,44.65,4.34
175,Robertson,40,US,1589313073,51,36.52,-86.87,59.0,4.74
176,Lima,8,PE,1589313211,60,-12.04,-77.03,75.2,11.41
177,Peno,100,RU,1589313237,98,56.93,32.74,31.46,17.36
178,Ribeira Grande,40,PT,1589313238,77,38.52,-28.7,60.8,24.16
179,Bethel,0,US,1589313238,29,41.37,-73.41,57.99,3.0
180,Ballina,40,AU,1589313239,93,-28.87,153.57,57.2,4.7
181,Maner,75,IN,1589313239,83,25.65,84.88,82.4,2.53
182,Jamestown,90,US,1589313176,42,42.1,-79.24,48.99,20.8
183,Assiniboia,100,CA,1589313239,47,49.63,-105.98,50.0,18.7
184,Yulara,0,AU,1589313240,31,-25.24,130.99,48.2,5.82
185,Mirny,75,RU,1589313240,92,62.54,113.96,28.4,8.95
186,Kaitangata,100,NZ,1589313240,84,-46.28,169.85,48.99,3.91
187,Maunabo,24,PR,1589313240,75,18.01,-65.9,86.0,5.01
188,Flinders,100,AU,1589313241,79,-34.58,150.86,53.01,1.01
189,Bjerringbro,26,DK,1589313241,70,56.38,9.66,43.0,9.17
190,Bonoua,40,CI,1589313241,79,5.27,-3.6,84.2,6.93
191,Salamiyah,0,SY,1589313241,36,35.01,37.05,70.59,5.99
192,Malayal,74,PH,1589313241,75,7.21,121.94,81.0,1.54
193,Cabo Rojo,36,PR,1589313242,70,18.09,-67.15,86.0,7.0
194,Qaqortoq,75,GL,1589313242,30,60.72,-46.03,53.6,23.04
195,Cherskiy,49,RU,1589313242,78,68.75,161.3,37.11,6.82
196,Kalmunai,100,LK,1589313242,88,7.42,81.82,78.04,1.81
197,Superior,1,US,1589313243,16,46.72,-92.1,55.4,3.36
198,Hirara,89,JP,1589313243,82,24.8,125.28,75.7,19.35
199,Turmalina,19,BR,1589313243,76,-17.29,-42.73,70.83,3.62
200,Mount Gambier,14,AU,1589313243,93,-37.83,140.77,42.8,5.82
201,Norman Wells,75,CA,1589313244,91,65.28,-126.83,39.2,11.41
202,Seoul,0,KR,1589313072,93,37.57,126.98,48.2,1.12
203,Kilindoni,68,TZ,1589313244,82,-7.91,39.67,80.35,12.91
204,Djenné,68,ML,1589313244,29,13.91,-4.55,94.87,7.92
205,Tolaga Bay,74,NZ,1589313150,78,-38.37,178.3,58.12,11.14
206,Portland,75,US,1589312908,67,45.52,-122.68,62.01,16.11
207,Kirakira,97,SB,1589313245,80,-10.45,161.92,79.59,9.06
208,Bogandinskiy,82,RU,1589313245,52,56.89,65.89,69.8,8.95
209,Nanortalik,100,GL,1589313245,68,60.14,-45.24,43.45,12.46
210,Boa Vista,40,BR,1589313246,52,2.82,-60.67,89.6,10.29
211,Mayor Pablo Lagerenza,96,PY,1589313246,54,-19.93,-60.77,78.42,6.44
212,Fare,4,PF,1589313246,68,-16.7,-151.02,82.71,9.55
213,Trofors,90,NO,1589313247,93,65.53,13.41,32.0,5.82
214,Caborca,0,MX,1589313247,26,30.58,-111.1,89.01,1.01
215,Bathsheba,20,BB,1589313247,66,13.22,-59.52,84.2,24.16
216,Souillac,40,MU,1589313247,57,-20.52,57.52,75.2,12.75
217,Misratah,100,LY,1589313247,70,32.38,15.09,70.48,9.13
218,Boké,98,GN,1589313248,65,10.94,-14.3,82.26,7.52
219,Grindavik,90,IS,1589313248,75,63.84,-22.43,41.0,12.75
220,Aykhal,90,RU,1589313248,79,66.0,111.5,21.2,11.18
221,Lucé,88,FR,1589313249,56,48.44,1.46,50.0,1.01
222,Kualakapuas,90,ID,1589313249,100,-3.01,114.39,78.8,2.24
223,Issia,38,CI,1589313249,72,6.49,-6.59,79.34,2.73
224,Laas,75,IT,1589313249,71,46.62,10.7,50.0,9.17
225,Zhigansk,78,RU,1589313249,97,66.77,123.37,23.05,10.65
226,Bragança Paulista,28,BR,1589312967,34,-22.94,-46.56,80.6,4.7
227,Araouane,34,ML,1589313250,9,18.9,-3.53,96.62,10.25
228,Tabou,93,CI,1589313250,84,4.42,-7.35,79.97,4.92
229,Qaanaaq,13,GL,1589313250,88,77.48,-69.36,32.22,0.58
230,Isangel,0,VU,1589313250,66,-19.55,169.27,72.36,10.13
231,Inhambane,0,MZ,1589313251,69,-23.86,35.38,67.77,5.28
232,Majene,67,ID,1589313251,86,-3.54,118.97,79.02,8.48
233,Dakar,89,SN,1589312967,83,14.69,-17.44,73.4,16.11
234,Itō,53,JP,1589313251,92,34.97,139.08,66.99,4.0
235,Hong Kong,27,HK,1589313042,83,22.29,114.16,80.01,5.01
236,Banda Aceh,98,ID,1589313252,81,5.56,95.32,79.81,2.75
237,Omboué,100,GA,1589313252,82,-1.57,9.26,80.02,5.32
238,Peleduy,100,RU,1589313252,91,59.63,112.74,31.48,4.41
239,Bubaque,97,GW,1589313252,77,11.28,-15.83,79.16,14.58
240,Lompoc,75,US,1589313150,68,34.64,-120.46,68.0,10.29
241,Lyuban',0,BY,1589313253,83,52.8,28.0,35.91,7.76
242,Sitka,1,US,1589313253,58,57.05,-135.33,57.2,3.36
243,Comé,20,BJ,1589313253,79,6.41,1.88,84.2,8.05
244,Wuwei,100,CN,1589313253,17,37.93,102.64,66.0,1.99
245,Terra Rica,51,BR,1589313254,61,-22.71,-52.62,79.63,8.59
246,La Ronge,20,CA,1589313254,21,55.1,-105.28,51.8,6.93
247,Dayong,20,CN,1589313254,83,25.02,118.29,73.4,6.71
248,Fevik,25,NO,1589313254,39,58.38,8.68,44.6,11.41
249,Port Lincoln,12,AU,1589313255,66,-34.73,135.87,53.85,9.28
250,Muli,54,MV,1589313255,76,2.92,73.57,84.6,7.14
251,Lavrentiya,100,RU,1589313255,92,65.58,-171.0,33.98,3.44
252,Abū Zabad,0,SD,1589313255,14,12.35,29.25,84.34,4.79
253,Kieta,100,PG,1589313256,77,-6.22,155.63,79.57,5.12
254,Lagoa Vermelha,100,BR,1589313256,98,-28.21,-51.53,60.48,7.94
255,Bilma,0,NE,1589313256,13,18.69,12.92,83.03,1.74
256,Muscatine,1,US,1589313256,27,41.47,-91.13,63.0,12.75
257,Byron Bay,40,AU,1589312958,93,-28.65,153.62,57.2,4.7
258,Narasannapeta,1,IN,1589313257,78,18.42,84.05,80.58,2.89
259,Smolenka,14,RU,1589313257,65,52.14,113.5,41.0,4.47
260,Camopi,100,GF,1589313257,91,3.17,-52.32,76.35,4.34
261,Puerto Colombia,20,CO,1589313114,70,10.99,-74.95,87.8,3.36
262,Ahipara,90,NZ,1589313258,81,-35.17,173.17,59.11,14.58
263,Kholodnyy,87,RU,1589313258,96,62.72,147.95,31.06,7.83
264,Marsh Harbour,9,BS,1589313258,69,26.54,-77.06,75.22,20.62
265,Namatanai,100,PG,1589313258,90,-3.67,152.43,77.97,4.38
266,Klaksvík,100,FO,1589313258,69,62.23,-6.59,33.8,12.75
267,Cabo San Lucas,5,MX,1589313259,26,22.89,-109.91,86.0,6.93
268,Vallenar,1,CL,1589313259,32,-28.57,-70.76,74.41,5.73
269,Saint-François,90,FR,1589313259,71,46.42,3.91,52.0,3.36
270,Isla Vista,20,US,1589313260,72,34.41,-119.86,70.0,8.05
271,Haines Junction,0,CA,1589313260,27,60.75,-137.51,66.49,1.9
272,Malakal,0,SS,1589313260,46,9.53,31.66,89.22,7.43
273,Kropotkin,100,RU,1589313260,65,45.44,40.58,61.0,6.38
274,Palmer,40,US,1589313099,25,42.16,-72.33,55.99,14.99
275,Hamilton,75,US,1589313060,36,39.18,-84.53,61.0,9.17
276,Hithadhoo,100,MV,1589313261,78,-0.6,73.08,84.13,11.3
277,Los Llanos de Aridane,20,ES,1589313261,73,28.66,-17.92,69.8,8.05
278,Lake Jackson,75,US,1589313198,58,29.03,-95.43,82.99,20.8
279,Krasnyy Chikoy,95,RU,1589313262,77,50.36,108.75,48.31,3.09
280,Tongliao,38,CN,1589313262,40,43.61,122.27,51.69,8.3
281,Ponta Delgada,20,PT,1589313262,59,37.73,-25.67,60.8,9.17
282,Barrow,1,US,1589313262,79,71.29,-156.79,21.2,27.51
283,Vicuña,90,CL,1589313262,67,-30.03,-70.71,59.0,2.24
284,Houma,1,US,1589313064,51,29.6,-90.72,82.99,16.11
285,Aden,0,YE,1589313097,61,12.78,45.04,89.47,0.89
286,Basqal,0,AZ,1589313263,87,40.76,48.39,50.0,2.24
287,Dubbo,87,AU,1589313263,93,-32.25,148.62,42.8,4.7
288,Divnomorskoye,15,RU,1589313264,68,44.5,38.14,60.35,11.14
289,Örnsköldsvik,61,SE,1589313264,64,63.29,18.72,37.4,6.93
290,Puerto Nariño,75,CO,1589313264,100,-3.77,-70.38,77.0,2.24
291,Sakakah,0,SA,1589313264,10,29.97,40.21,82.4,4.7
292,Bam,0,IR,1589313265,16,29.11,58.36,81.12,13.49
293,Viedma,11,AR,1589313069,34,-40.81,-63.0,62.31,12.57
294,Kayerkan,100,RU,1589313265,79,69.35,87.76,28.4,6.71
295,Joshīmath,100,IN,1589313266,39,30.57,79.57,53.2,3.53
296,São Filipe,84,CV,1589313266,78,14.9,-24.5,72.95,9.71
297,Gizo Government Station,81,SB,1589313266,80,-8.1,156.84,82.36,11.81
298,Khor,100,RU,1589313266,86,47.89,134.95,44.15,6.96
299,San Quintín,0,MX,1589313266,53,30.48,-115.95,70.14,19.24
300,Patacamaya,0,BO,1589313267,28,-17.23,-67.92,58.98,14.03
301,Kabo,7,CF,1589313267,66,7.7,18.63,78.85,3.98
302,Wajid,95,SO,1589313267,69,3.81,43.25,79.86,12.35
303,Skellefteå,33,SE,1589313267,69,64.75,20.95,37.4,4.7
304,Kavieng,100,PG,1589313268,85,-2.57,150.8,80.69,13.89
305,Asău,99,RO,1589313268,79,46.43,26.4,41.0,3.76
306,Iracoubo,100,GF,1589313268,89,5.48,-53.2,78.73,14.09
307,Vrangel',0,RU,1589313268,83,42.73,133.08,43.65,8.61
308,Geraldton,0,AU,1589313268,45,-28.77,114.6,64.4,12.75
309,Vestmannaeyjar,100,IS,1589313269,76,63.44,-20.27,42.4,10.94
310,Victoria Point,19,AU,1589313172,96,-27.58,153.3,61.0,7.14
311,Khandyga,83,RU,1589313269,86,62.67,135.6,36.64,5.14
312,Korla,0,CN,1589313269,28,41.76,86.15,68.99,10.6
313,Port Hawkesbury,75,CA,1589313270,87,45.62,-61.35,51.01,9.17
314,Lázaro Cárdenas,0,MX,1589313270,53,17.96,-102.2,85.44,10.16
315,Arrondissement de Bayonne,90,FR,1589313270,93,43.33,-1.42,55.4,5.82
316,Vikulovo,6,RU,1589313270,46,56.82,70.61,67.53,6.82
317,São Félix do Xingu,86,BR,1589313270,72,-6.64,-51.99,83.68,4.05
318,Santa Cruz de Barahona,87,DO,1589313271,54,18.21,-71.1,85.82,10.51
319,Along,79,IN,1589313271,88,28.17,94.77,64.58,0.89
320,Albury,75,AU,1589313092,100,-36.08,146.92,44.01,3.11
321,Sorong,100,ID,1589313271,79,-0.88,131.25,82.38,6.69
322,San Cristobal,40,VE,1589313272,50,7.77,-72.22,95.0,12.75
323,Ixtapa,5,MX,1589313272,65,20.7,-105.2,82.99,11.41
324,Chapais,20,CA,1589313272,90,49.78,-74.85,32.0,10.29
325,Conde,40,BR,1589313089,74,-7.26,-34.91,84.2,11.41
326,Santa Maria,90,BR,1589313272,93,-29.68,-53.81,66.2,9.17
327,Havre-St-Pierre,90,CA,1589313273,60,50.23,-63.6,41.0,5.82
328,Camacha,40,PT,1589313273,77,33.08,-16.33,64.4,18.34
329,Kendari,15,ID,1589313273,93,-3.94,122.5,75.29,2.91
330,Abatskiy,84,RU,1589313274,46,56.29,70.46,67.75,7.45
331,Kununurra,33,AU,1589313274,27,-15.77,128.73,73.4,6.93
332,Maumere,95,ID,1589313274,74,-8.62,122.21,78.89,4.25
333,Panama City,40,PA,1589312976,70,8.99,-79.52,89.6,3.36
334,Thompson,20,CA,1589313268,23,55.74,-97.86,50.0,16.11
335,Kumul,100,CN,1589313275,21,42.8,93.45,66.45,1.34
336,Zunyi,100,CN,1589313275,90,27.69,106.91,62.22,4.7
337,Cap-aux-Meules,90,CA,1589313275,93,47.38,-61.86,37.4,14.99
338,Mogadishu,79,SO,1589313043,82,2.04,45.34,81.86,16.73
339,Porosozero,88,RU,1589313276,85,62.72,32.73,34.84,4.43
340,Yar-Sale,93,RU,1589313276,98,66.83,70.83,35.29,6.44
341,Concepción del Uruguay,22,AR,1589313276,46,-32.48,-58.24,66.99,1.99
342,Ponta do Sol,40,PT,1589313276,52,32.67,-17.1,68.0,16.11
343,Pingliang,100,CN,1589313277,42,35.54,106.69,54.19,2.62
344,Ayagoz,0,KZ,1589313277,49,47.97,80.44,60.94,7.07
345,Salalah,0,OM,1589313277,79,17.02,54.09,86.0,4.7
346,Russell,1,US,1589313277,28,32.35,-85.2,77.0,6.93
347,Hongjiang,42,CN,1589313278,68,27.11,110.0,64.89,2.44
348,Hammerfest,75,NO,1589313278,92,70.66,23.68,28.4,21.92
349,Provideniya,100,RU,1589313278,79,64.38,-173.3,39.0,1.59
350,Port Keats,6,AU,1589313278,39,-14.25,129.55,71.74,11.63
351,Springbok,89,ZA,1589313279,72,-29.66,17.89,54.79,4.29
352,Moose Factory,1,CA,1589313279,40,51.26,-80.61,37.4,14.99
353,Biak,86,ID,1589313279,78,-0.91,122.88,78.78,5.84
354,Khovd,100,MN,1589313279,33,48.01,91.64,57.27,2.84
355,Batemans Bay,91,AU,1589313280,75,-35.72,150.18,46.99,4.12
356,Hasaki,40,JP,1589313280,93,35.73,140.83,64.99,2.24
357,Soligalich,100,RU,1589313280,91,59.08,42.29,58.98,9.78
358,Arlit,0,NE,1589313280,10,18.74,7.39,89.17,3.74
359,Santa Ana,75,US,1589313028,56,33.75,-117.87,73.0,6.93
360,Ust'-Ishim,0,RU,1589313281,56,57.69,71.17,66.76,4.05
361,Ostrovnoy,41,RU,1589313281,93,68.05,39.51,31.82,3.6
362,Vanimo,45,PG,1589313281,82,-2.67,141.3,78.53,2.64
363,Meulaboh,91,ID,1589313281,88,4.14,96.13,78.76,6.71
364,Faya,0,SA,1589313282,73,18.39,42.45,73.4,0.38
365,Saldanha,91,ZA,1589313282,77,-33.01,17.94,59.0,5.82
366,Coquimbo,90,CL,1589313282,67,-29.95,-71.34,59.0,2.24
367,Te Anau,0,NZ,1589313282,81,-45.42,167.72,36.32,0.89
368,Butembo,100,CD,1589313282,100,0.15,29.28,58.98,2.28
369,Sosnovo-Ozerskoye,77,RU,1589313283,67,52.52,111.54,41.9,9.31
370,Margate,32,GB,1589313283,53,51.38,1.39,50.0,3.0
371,Shanghai,82,CN,1589313272,40,31.22,121.46,68.0,8.95
372,Borogontsy,100,RU,1589313283,91,62.67,131.17,34.32,4.47
373,Pangkalanbuun,34,ID,1589313284,96,-2.68,111.62,76.06,1.66
374,Forsytheganj,0,BY,1589313284,81,52.63,29.73,36.36,10.0
375,Derazhnya,0,UA,1589313284,78,49.27,27.43,37.44,8.08
376,Praia,20,CV,1589313284,65,14.92,-23.51,77.0,20.8
377,Iralaya,75,HN,1589313285,94,15.0,-83.23,78.8,8.97
378,City of San Pedro,40,PH,1589313285,74,14.35,121.02,86.0,1.12
379,Makurdi,95,NG,1589313285,63,7.74,8.51,85.12,5.91
380,Ürümqi,100,CN,1589313285,33,43.8,87.6,71.6,8.95
381,Acarí,12,PE,1589313286,48,-15.43,-74.62,78.37,9.84
382,Wanning,20,CN,1589313286,90,18.8,110.4,78.78,4.63
383,Touros,20,BR,1589313286,70,-5.2,-35.46,86.0,11.41
384,Honningsvåg,90,NO,1589313286,86,70.98,25.97,30.2,26.4
385,Obo,33,CF,1589313287,88,5.4,26.49,72.01,3.89
386,Bac Lieu,93,VN,1589313287,78,9.29,105.72,83.35,9.73
387,Fortuna,75,US,1589313069,82,40.6,-124.16,60.01,9.17
388,Katherine,0,AU,1589313287,52,-14.47,132.27,64.4,6.93
389,Kimbe,100,PG,1589313288,90,-5.55,150.14,76.05,4.68
390,Lucea,40,JM,1589313288,62,18.45,-78.17,87.8,16.11
391,Samarai,55,PG,1589313288,77,-10.62,150.67,78.22,6.89
392,Lokosovo,1,RU,1589313288,66,61.13,74.82,64.76,2.33
393,Xingcheng,0,CN,1589313288,37,40.62,120.72,57.33,4.45
394,São José da Coroa Grande,0,BR,1589313289,79,-8.9,-35.15,79.83,9.1
395,Piopio,96,NZ,1589313289,86,-38.47,175.02,50.0,1.01
396,DeKalb County,1,US,1589313289,34,33.75,-84.23,73.99,3.36
397,Rio Grande,90,BR,1589313134,93,-32.03,-52.1,64.4,5.82
398,Broome,90,US,1589313290,28,42.25,-75.83,48.99,12.75
399,At-Bashi,14,KG,1589313290,47,41.17,75.81,51.73,1.5
400,Gurupi,1,BR,1589313290,71,-11.73,-49.07,82.26,4.94
401,Departamento de Maldonado,20,UY,1589313290,67,-34.67,-54.92,64.0,6.93
402,Semme,90,FR,1589313291,76,46.2,1.5,52.0,12.75
403,Danané,100,CI,1589313291,71,7.26,-8.15,78.82,1.95
404,Karratha,0,AU,1589313291,31,-20.74,116.85,72.7,12.75
405,Krasnoshchekovo,97,RU,1589313291,51,51.67,82.73,61.5,2.26
406,Ekenäs,1,FI,1589313292,71,59.97,23.43,41.0,3.67
407,Brejo da Madre de Deus,21,BR,1589313292,86,-8.15,-36.37,72.55,10.49
408,Dinslaken,5,DE,1589313292,67,51.57,6.73,51.01,4.23
409,Catalina Foothills,0,US,1589313292,12,32.3,-110.92,90.0,5.01
410,Hastings,72,GB,1589313050,60,50.86,0.57,48.99,4.88
411,Hanna,49,CA,1589313293,26,51.63,-111.9,52.0,10.0
412,Arrondissement du Havre,100,FR,1589313293,75,49.58,0.33,46.4,9.17
413,Golden,83,US,1589313293,53,39.76,-105.22,71.01,1.01
414,Lodja,100,CD,1589313294,81,-3.48,23.43,73.99,1.77
415,Kajaani,0,FI,1589313294,59,64.23,27.73,35.6,6.93
416,Port Moresby,40,PG,1589313294,78,-9.44,147.18,77.0,16.11
417,Maragogi,0,BR,1589313207,81,-9.01,-35.22,79.11,8.81
418,Yangi Marg`ilon,20,UZ,1589313295,64,40.43,71.72,68.0,4.7
419,Severo-Yeniseyskiy,100,RU,1589313295,77,60.37,93.04,38.05,8.08
420,Ambon City,40,ID,1589313295,94,-3.7,128.18,78.8,5.82
421,Umluj,70,SA,1589313295,45,25.02,37.27,81.05,7.61
422,Katsuura,100,JP,1589313296,93,35.13,140.3,68.0,4.0
423,Pecos,1,US,1589313296,15,31.42,-103.49,91.4,9.17
424,São João da Barra,20,BR,1589313296,54,-21.64,-41.05,78.8,13.87
425,Envira,100,BR,1589313296,92,-7.3,-70.22,79.39,4.74
426,Vamvakoú,0,GR,1589313297,23,39.33,22.42,78.8,9.17
427,Mount Isa,23,AU,1589313297,29,-20.73,139.5,60.8,8.05
428,Caculé,14,BR,1589313297,68,-14.5,-42.22,74.44,6.15
429,São Francisco de Assis,100,BR,1589313297,96,-29.55,-55.13,65.93,8.93
430,Lakeland Highlands,5,US,1589313298,32,27.96,-81.95,88.0,9.17
431,Agua Verde,20,MX,1589313298,25,22.9,-106.05,89.6,6.93
432,Holme,10,DK,1589313298,60,56.11,10.17,42.8,11.41
433,Buraidah,54,SA,1589313298,22,26.33,43.98,87.8,11.41
434,Grand Gaube,64,MU,1589313299,69,-20.01,57.66,71.01,3.0
435,Rumphi,98,MW,1589313299,81,-11.02,33.86,62.73,2.62
436,Sambava,95,MG,1589313299,85,-14.27,50.17,75.29,10.58
437,Manali,40,IN,1589313299,74,13.17,80.27,84.2,5.82
438,Neuquén,0,AR,1589313300,31,-38.95,-68.06,60.8,13.87
439,Kavaratti,100,IN,1589313300,74,10.57,72.64,85.59,5.44
440,Oyotún,3,PE,1589313300,54,-6.85,-79.3,80.6,17.22
441,Dodola,4,ET,1589313301,79,6.98,39.18,52.81,3.91
442,Oranjemund,88,NA,1589313301,91,-28.55,16.43,58.59,7.09
443,Zaymishche,99,RU,1589313301,79,52.73,32.23,37.26,19.39
444,Poum,0,NC,1589313302,62,-20.23,164.02,73.2,16.6
445,Emerald,25,AU,1589313302,87,-23.53,148.17,55.4,5.82
446,Bindura,15,ZW,1589313302,47,-17.3,31.33,59.2,3.22
447,Sinnamary,100,GF,1589313302,89,5.38,-52.95,79.12,13.82
448,Ayan,100,RU,1589313303,98,56.45,138.17,33.62,14.52
449,Bambanglipuro,52,ID,1589313303,84,-7.95,110.28,77.83,8.66
450,Ugoofaaru,29,MV,1589313303,70,5.67,73.0,85.17,3.18
451,Constitución,0,CL,1589313303,52,-35.33,-72.42,60.03,15.35
452,Vila Franca do Campo,20,PT,1589313304,59,37.72,-25.43,60.8,9.17
453,Baykit,17,RU,1589313304,81,61.67,96.37,36.84,4.97
454,Bereda,100,ES,1589313304,99,43.27,-7.54,54.0,5.01
455,Manavālakurichi,75,IN,1589313304,94,8.13,77.3,78.8,3.36
456,Aklavik,90,CA,1589313304,86,68.22,-135.01,28.4,6.93
457,Ruska Poliana,19,UA,1589313305,69,49.42,31.92,41.47,15.01
458,Ritchie,90,ZA,1589313305,71,-29.04,24.6,51.8,3.36
459,Calabozo,74,VE,1589313305,34,8.92,-67.43,97.29,5.19
460,Oistins,20,BB,1589313305,66,13.07,-59.53,84.2,24.16
461,Morris,20,US,1589313098,26,40.83,-74.53,60.01,12.75
462,Fort Nelson,75,CA,1589313306,29,58.81,-122.7,60.8,6.93
463,Carballo,100,ES,1589313306,76,43.21,-8.69,57.99,3.49
464,Saint Anthony,1,US,1589313306,22,45.02,-93.22,57.99,6.93
465,Casablanca,40,MA,1589313225,68,33.59,-7.62,66.2,11.41
466,Buala,86,SB,1589313307,82,-8.14,159.59,81.12,5.97
467,Leer,86,SS,1589313307,55,8.3,30.14,84.45,5.19
468,Leh,100,IN,1589313307,54,34.17,77.58,42.62,2.48
469,Nelidovo,100,RU,1589313307,98,56.22,32.78,31.89,17.31
470,Labuhan,86,ID,1589313307,87,-6.88,112.21,78.4,7.61
471,Matiguás,80,NI,1589313308,65,12.84,-85.46,85.51,8.59
472,Adelaide,0,AU,1589313282,100,-34.93,138.6,48.0,1.12
473,Okhotsk,100,RU,1589313308,95,59.38,143.3,34.59,28.57
474,Kemin,79,KG,1589313308,53,42.78,75.69,58.75,4.79
475,Jackson,90,US,1589313281,76,42.42,-122.83,55.4,12.75
476,Dicabisagan,28,PH,1589313309,82,17.08,122.42,78.71,3.11
477,Sur,0,OM,1589313309,62,22.57,59.53,88.07,11.25
478,Agadez,0,NE,1589313309,12,19.75,10.25,84.9,5.19
479,Cortland,75,US,1589313309,33,42.6,-76.08,46.0,11.41
480,Pitimbu,40,BR,1589313310,74,-7.47,-34.81,84.2,11.41
481,Aswān,62,EG,1589313310,12,24.09,32.91,88.12,10.47
482,Øksfjord,100,NO,1589313310,64,70.24,22.35,33.8,12.75
483,Imbituba,100,BR,1589313311,73,-28.24,-48.67,73.4,11.41
484,Sotnikovo,20,RU,1589313311,45,51.88,107.48,62.6,8.95
485,Banjar,78,ID,1589313311,77,-8.19,114.97,77.4,2.89
486,Mandalgovi,3,MN,1589313311,43,45.76,106.27,51.62,2.8
487,Panabá,54,MX,1589313311,67,21.28,-88.27,85.53,12.24
488,Oktyabr'skiy,100,RU,1589313312,89,54.48,53.47,49.48,6.31
489,Hinton,40,CA,1589313111,45,53.4,-117.59,50.41,6.53
490,Randers,21,DK,1589313312,70,56.47,10.05,43.0,10.0
491,Tahoua,100,NE,1589313312,20,14.89,5.27,95.74,8.79
492,Lysyye Gory,100,RU,1589313313,74,51.55,44.84,56.55,8.88
493,Mersing,100,MY,1589313313,94,2.43,103.84,77.0,3.36
494,Hailun,0,CN,1589313313,65,47.45,126.93,41.4,5.44
495,Nome,90,US,1589313313,93,64.5,-165.41,43.0,14.99
496,Carauari,90,BR,1589313314,72,-4.88,-66.9,85.53,3.04
497,Cartagena del Chairá,99,CO,1589313314,92,1.33,-74.84,81.39,3.11
498,Bealanana,21,MG,1589313314,93,-14.55,48.73,59.52,2.64
499,Richmond,75,US,1589313216,36,37.55,-77.46,64.99,10.29
500,Sistranda,75,NO,1589313315,76,63.73,8.83,33.8,3.36
501,Ambilobe,59,MG,1589313315,81,-13.2,49.05,72.54,3.74
502,Vila Velha,0,BR,1589313123,65,-20.33,-40.29,78.8,12.75
503,Florø,40,NO,1589313315,69,61.6,5.03,39.2,17.22
504,Morong,40,PH,1589313316,74,14.51,121.24,86.0,1.12
505,Sierpc,78,PL,1589313316,78,52.86,19.67,40.98,8.88
506,Mercedes,0,AR,1589313316,53,-34.65,-59.43,69.01,4.27
507,Praia,20,CV,1589313316,65,14.92,-23.51,77.0,20.8
508,Terenos,75,BR,1589313316,88,-20.44,-54.86,71.6,6.93
509,Mayo,20,US,1589313317,44,38.89,-76.51,62.01,12.75
510,Ulaanbaatar,88,MN,1589313317,60,47.91,106.88,47.89,0.65
511,São Paulo de Olivença,92,BR,1589313317,79,-3.38,-68.87,83.25,1.9
512,Yerbogachën,57,RU,1589313317,92,61.28,108.01,27.99,8.55
513,Port Blair,100,IN,1589313167,78,11.67,92.75,83.93,9.91
514,Lagoa,63,PT,1589313318,73,39.05,-27.98,59.97,25.66
515,Thinadhoo,100,MV,1589313318,77,0.53,72.93,84.43,9.01
516,Osypenko,44,UA,1589313318,100,46.91,36.83,60.01,10.0
517,Aksu,97,CN,1589313319,30,41.12,80.26,69.17,4.88
518,Laguna,40,US,1589313319,59,38.42,-121.42,69.01,10.29
519,Saint-Leu,90,RE,1589313319,68,-21.15,55.28,69.8,3.36
520,Saint-Pierre,90,RE,1589313319,68,-21.34,55.48,69.8,3.36
521,Qingdao,0,CN,1589313120,58,36.1,120.37,60.01,6.71
522,Tiznit Province,87,MA,1589313320,79,29.58,-9.5,58.95,15.12
523,Andenes,100,NO,1589313320,74,69.31,16.12,33.8,19.46
524,Longkou,0,CN,1589313320,46,37.65,120.33,57.24,12.41
525,Lakes Entrance,16,AU,1589313320,75,-37.88,147.98,46.99,8.88
526,Nantucket,1,US,1589313321,54,41.28,-70.1,55.99,25.28
527,Linfen,73,CN,1589313321,29,36.09,111.52,64.98,0.85
528,Kigali,15,RW,1589313321,95,-1.95,30.06,61.03,1.9
529,Alice Springs,0,AU,1589313321,38,-23.7,133.88,42.8,3.36
530,Manggar,26,ID,1589313321,83,-2.88,108.27,83.1,11.01
531,Douglas,90,US,1589313160,30,41.3,-96.17,60.01,9.17
532,Tibati,44,CM,1589313322,83,6.47,12.63,70.99,3.62
533,Labytnangi,59,RU,1589313322,96,66.66,66.42,37.58,1.36
534,Taoudenni,0,ML,1589313195,12,22.68,-3.98,95.2,10.31
535,Port Hardy,75,CA,1589313322,71,50.7,-127.42,57.2,3.36
536,Solnechnyy,100,RU,1589313323,90,50.72,136.63,45.91,3.83
537,North Bend,90,US,1589313323,87,43.41,-124.22,55.99,13.87
538,Kisi,89,NG,1589313323,51,9.08,3.85,83.82,4.25
539,San Luis,58,AR,1589313323,34,-33.3,-66.34,67.1,7.36
540,Zigong,100,CN,1589313324,80,29.34,104.78,64.67,5.19
541,Porto Seguro,75,BR,1589313151,83,-16.45,-39.06,75.2,5.82
542,Nhulunbuy,40,AU,1589313324,88,-12.23,136.77,77.0,5.82
543,Barberino di Mugello,100,IT,1589313324,90,44.0,11.24,59.0,5.28
544,Umm Kaddadah,85,SD,1589313324,10,13.6,26.69,92.32,12.01
